Timestamp,Packet #,Device ID,PM2.5 (ug/m3),PM10 (ug/m3),Temperature (C),Humidity (%),Pressure (hPa),VOC Index,NOx Index
2026-08-24 21:07:45,51,esp32_01,43.3,67.54,27.53,77.44,947.12,88,1
2026-08-24 21:41:16,91,esp32_01,42.53,66.28,27.15,77.95,948.4,101,1
2026-08-24 21:41:20,92,esp32_01,42.5,66.22,27.15,78.0,948.37,104,1
2026-08-24 21:41:26,93,esp32_01,42.36,66.01,27.15,77.99,948.33,103,1
2026-08-24 21:41:33,94,esp32_01,42.25,65.83,27.15,77.95,948.26,102,1
2026-08-24 21:41:41,95,esp32_01,42.05,65.5,27.17,77.88,948.18,98,1
2026-08-24 21:41:47,96,esp32_01,42.05,65.5,27.15,77.79,948.3,92,1
2026-08-24 21:41:54,97,esp32_01,42.14,65.65,27.15,77.81,948.38,86,1
2026-08-24 21:42:01,98,esp32_01,42.1,65.57,27.13,77.79,948.45,84,1
2026-08-24 21:42:04,99,esp32_01,41.82,65.12,27.12,77.81,948.39,84,1
2026-08-24 21:42:11,100,esp32_01,41.69,64.91,27.11,77.91,948.27,90,1
2026-08-24 21:42:18,101,esp32_01,41.57,64.73,27.12,77.91,948.27,93,1
2026-08-24 21:42:24,102,esp32_01,41.51,64.64,27.11,77.9,948.31,94,1
2026-08-24 21:42:31,103,esp32_01,41.51,64.64,27.11,77.95,948.33,96,1
2026-08-24 21:42:38,104,esp32_01,41.56,64.71,27.11,77.96,948.33,98,1
2026-08-24 21:42:45,105,esp32_01,41.39,64.46,27.12,78.01,948.33,101,1
2026-08-24 21:42:51,106,esp32_01,41.26,64.24,27.13,78.0,948.34,104,1
2026-08-24 21:42:58,107,esp32_01,41.02,63.86,27.14,78.01,948.36,108,1
2026-08-24 21:43:01,108,esp32_01,41.11,64.03,27.14,78.15,948.39,114,1
2026-08-24 21:43:08,109,esp32_01,41.08,63.97,27.16,78.17,948.42,110,1
2026-08-24 21:43:15,110,esp32_01,41.26,64.24,27.16,78.24,948.4,108,1
2026-08-24 21:43:22,111,esp32_01,41.62,64.82,27.17,78.23,948.45,105,1
2026-08-24 21:43:29,112,esp32_01,41.54,64.71,27.18,78.28,948.43,101,1
2026-08-24 21:43:35,113,esp32_01,41.83,65.16,27.17,78.32,948.46,100,1
2026-08-24 21:43:42,114,esp32_01,41.82,65.14,27.16,78.45,948.47,107,1
2026-08-24 21:43:52,115,esp32_01,41.62,64.82,27.16,78.52,948.48,124,1
2026-08-24 21:43:59,116,esp32_01,41.68,64.91,27.15,78.52,948.5,132,1
2026-08-24 21:44:06,117,esp32_01,41.54,64.71,27.15,78.59,948.51,138,1
2026-08-24 21:44:13,118,esp32_01,41.46,64.57,27.14,78.56,948.51,141,1
2026-08-24 21:44:20,119,esp32_01,41.8,65.11,27.16,78.91,948.47,170,1
2026-08-24 21:44:26,120,esp32_01,41.86,65.2,27.15,78.84,948.51,166,1
2026-08-24 21:44:30,121,esp32_01,41.92,65.29,27.16,79.0,948.55,158,1
2026-08-24 21:44:40,122,esp32_01,42.06,65.52,27.16,79.01,948.55,148,1
2026-08-24 21:44:47,123,esp32_01,42.07,65.54,27.16,79.04,948.49,147,1
2026-08-24 21:44:53,124,esp32_01,41.99,65.41,27.16,79.01,948.49,133,1
2026-08-24 21:45:00,125,esp32_01,42.08,65.56,27.16,78.91,948.51,116,1
2026-08-24 21:45:07,126,esp32_01,42.07,65.54,27.17,78.96,948.5,114,1
2026-08-24 21:45:14,127,esp32_01,42.01,65.45,27.15,79.08,948.47,130,1
2026-08-24 21:45:20,128,esp32_01,42.11,65.59,27.11,78.9,948.47,110,1
2026-08-24 21:45:27,129,esp32_01,42.2,65.75,27.08,78.83,948.42,95,1
2026-08-24 21:45:34,130,esp32_01,42.12,65.63,27.07,78.82,948.42,93,1
2026-08-24 21:45:41,131,esp32_01,42.06,65.52,27.07,78.8,948.38,93,1
2026-08-24 21:45:48,132,esp32_01,41.93,65.3,27.07,78.75,948.33,92,1
2026-08-24 21:45:54,133,esp32_01,41.68,64.91,27.07,78.76,948.34,91,1
2026-08-24 21:46:01,134,esp32_01,41.57,64.73,27.07,78.78,948.35,91,1
2026-08-24 21:46:05,135,esp32_01,41.21,64.15,27.07,78.82,948.32,91,1
2026-08-24 21:46:11,136,esp32_01,41.03,63.88,27.07,78.85,948.29,93,1
2026-08-24 21:46:18,137,esp32_01,41.17,64.1,27.07,78.82,948.28,103,1
2026-08-24 21:46:25,138,esp32_01,41.17,64.1,27.07,78.78,948.3,106,1
2026-08-24 21:46:31,139,esp32_01,41.08,63.95,27.07,78.72,948.27,137,1
2026-08-24 21:46:38,140,esp32_01,41.36,64.4,27.08,78.7,948.25,161,1
2026-08-24 21:46:45,141,esp32_01,41.41,64.48,27.09,78.69,948.27,156,1
2026-08-24 21:46:52,142,esp32_01,41.39,64.44,27.09,78.64,948.24,121,1
2026-08-24 21:46:58,143,esp32_01,41.41,64.48,27.1,78.61,948.29,114,1
2026-08-24 21:47:05,144,esp32_01,41.3,64.3,27.1,78.64,948.27,115,1
2026-08-24 21:47:12,145,esp32_01,41.38,64.42,27.11,78.95,948.29,144,1
2026-08-24 21:47:19,146,esp32_01,41.48,64.58,27.12,79.17,948.28,141,1
2026-08-24 21:47:25,147,esp32_01,41.65,64.85,27.13,79.14,948.27,126,1
2026-08-24 21:47:33,148,esp32_01,41.66,64.87,27.13,79.03,948.29,121,1
2026-08-24 21:47:39,149,esp32_01,41.64,64.84,27.14,79.03,948.31,133,1
2026-08-24 21:47:46,150,esp32_01,41.54,64.69,27.13,79.03,948.36,125,1
2026-08-24 21:47:53,151,esp32_01,41.58,64.75,27.14,79.15,948.36,139,1
2026-08-24 21:47:59,152,esp32_01,41.59,64.76,27.15,79.3,948.39,145,1
2026-08-24 21:48:06,153,esp32_01,41.75,65.02,27.16,79.3,948.43,136,1
2026-08-24 21:48:13,154,esp32_01,41.7,64.94,27.18,79.45,948.48,126,1
2026-08-24 21:48:16,155,esp32_01,41.71,64.96,27.19,79.62,948.47,120,1
2026-08-24 21:48:23,156,esp32_01,41.77,65.05,27.19,79.62,948.49,130,1
2026-08-24 21:48:30,157,esp32_01,41.63,64.82,27.2,79.62,948.54,146,1
2026-08-24 21:48:36,158,esp32_01,41.64,64.84,27.2,79.52,948.57,143,1
2026-08-24 21:48:47,159,esp32_01,41.82,65.12,27.21,79.55,948.55,130,1
2026-08-24 21:48:53,160,esp32_01,41.76,65.02,27.21,79.51,948.51,113,1
2026-08-24 21:48:57,161,esp32_01,41.52,64.64,27.22,79.42,948.51,108,1
2026-08-24 21:49:07,162,esp32_01,41.47,64.57,27.22,79.27,948.52,102,1
2026-08-24 21:49:14,163,esp32_01,41.4,64.46,27.23,79.38,948.52,86,1
2026-08-24 21:49:20,164,esp32_01,41.4,64.46,27.23,79.2,948.49,73,1
2026-08-24 21:49:27,165,esp32_01,41.47,64.57,27.23,79.07,948.49,67,1
2026-08-24 21:49:34,166,esp32_01,41.66,64.87,27.22,78.76,948.46,61,1
2026-08-24 21:49:41,167,esp32_01,41.66,64.87,27.22,78.92,948.4,64,1
2026-08-24 21:49:48,168,esp32_01,41.75,65.0,27.22,78.97,948.35,71,1
2026-08-24 21:49:51,169,esp32_01,41.75,65.0,27.22,78.77,948.39,71,1
2026-08-24 21:49:58,170,esp32_01,41.74,64.98,27.21,78.6,948.37,72,1
2026-08-24 21:50:05,171,esp32_01,41.45,64.53,27.22,78.5,948.35,74,1
2026-08-24 21:50:12,172,esp32_01,41.54,64.69,27.22,78.4,948.34,75,1
2026-08-24 21:50:18,173,esp32_01,41.78,65.07,27.23,78.3,948.34,75,1
2026-08-24 21:50:25,174,esp32_01,41.93,65.29,27.21,78.15,948.38,76,1
2026-08-24 21:50:32,175,esp32_01,42.08,65.54,27.21,78.06,948.27,76,1
2026-08-24 21:50:39,176,esp32_01,42.29,65.86,27.21,78.07,948.11,76,1
2026-08-24 21:50:46,177,esp32_01,42.23,65.75,27.2,77.99,947.99,77,1
2026-08-24 21:50:52,178,esp32_01,41.93,65.29,27.2,77.9,947.8,77,1
2026-08-24 21:50:59,179,esp32_01,41.6,64.78,27.2,77.94,947.73,77,1
2026-08-24 21:51:06,180,esp32_01,41.53,64.67,27.22,78.13,947.71,78,1
2026-08-24 21:51:16,181,esp32_01,41.23,64.21,27.22,78.1,947.7,80,1
2026-08-24 21:51:19,182,esp32_01,41.15,64.06,27.23,78.01,947.7,81,1
2026-08-24 21:51:26,183,esp32_01,41.27,64.26,27.23,78.13,947.65,84,2
2026-08-24 21:51:33,184,esp32_01,41.54,64.69,27.25,78.28,947.68,92,2
2026-08-24 21:51:39,185,esp32_01,41.48,64.58,27.27,78.54,947.65,116,2
2026-08-24 21:51:46,186,esp32_01,41.59,64.76,27.28,78.32,947.64,116,2
2026-08-24 21:51:53,187,esp32_01,41.56,64.71,27.28,78.24,947.68,110,2
2026-08-24 21:52:00,188,esp32_01,41.27,64.26,27.3,78.28,947.71,107,2
2026-08-24 21:52:06,189,esp32_01,41.24,64.22,27.32,78.35,947.71,107,2
2026-08-24 21:52:21,191,esp32_01,41.39,64.46,27.37,78.36,947.74,107,2
2026-08-24 21:52:27,192,esp32_01,41.44,64.53,27.38,78.29,947.71,107,2
2026-08-24 21:52:34,193,esp32_01,41.47,64.58,27.4,78.32,947.74,110,2
2026-08-24 21:52:41,194,esp32_01,41.32,64.33,27.42,78.18,947.75,109,2
2026-08-24 22:09:21,195,esp32_01,40.28,62.82,27.05,79.04,947.82,100,1
2026-08-24 22:09:28,196,esp32_01,42.05,65.59,27.13,78.82,947.83,100,1
2026-08-24 22:09:34,197,esp32_01,42.25,65.92,27.19,78.69,947.85,100,1
2026-08-24 22:09:41,198,esp32_01,42.32,66.02,27.23,78.58,947.82,100,1
2026-08-24 22:09:48,199,esp32_01,42.41,66.15,27.27,78.67,947.81,100,1
2026-08-24 22:09:54,200,esp32_01,42.74,66.69,27.3,78.59,947.85,100,1
2026-08-24 22:10:01,201,esp32_01,42.38,66.11,27.33,78.45,947.81,100,1
2026-08-24 22:10:08,202,esp32_01,42.41,66.15,27.36,78.4,947.84,100,1
2026-08-24 22:10:11,203,esp32_01,42.29,65.95,27.39,78.41,947.8,100,1
2026-08-24 22:10:18,204,esp32_01,42.34,66.02,27.41,78.33,947.82,100,1
2026-08-24 22:10:24,205,esp32_01,42.13,65.7,27.43,78.24,947.82,100,1
2026-08-24 22:10:31,206,esp32_01,42.32,66.01,27.44,78.11,947.83,100,1
2026-08-24 22:10:38,207,esp32_01,42.23,65.86,27.45,77.99,947.84,100,1
2026-08-24 22:10:45,208,esp32_01,42.46,66.22,27.46,77.89,947.83,100,1
2026-08-24 22:10:52,209,esp32_01,42.35,66.04,27.47,77.81,947.84,3,1
2026-08-24 22:10:58,210,esp32_01,42.59,66.42,27.48,77.74,947.84,14,1
2026-08-24 22:11:05,211,esp32_01,42.78,66.71,27.49,77.66,947.81,21,1
2026-08-24 22:11:11,212,esp32_01,42.76,66.67,27.5,77.6,947.82,24,1
2026-08-24 22:11:18,213,esp32_01,42.89,66.89,27.52,77.57,947.83,26,1
2026-08-24 22:11:25,214,esp32_01,42.98,67.03,27.53,77.51,947.82,27,1
2026-08-24 22:11:45,215,esp32_01,354.9,368.9,27.54,77.31,947.81,100,1
2026-08-24 22:11:51,216,esp32_01,352.6,366.5,27.55,77.27,947.84,100,1
2026-08-24 22:12:01,217,esp32_01,351.2,365.0,27.56,77.23,947.83,100,1
2026-08-24 22:12:08,218,esp32_01,350.2,363.9,27.56,77.18,947.84,100,1
2026-08-24 22:12:15,219,esp32_01,349.2,362.9,27.56,77.15,947.86,100,1
2026-08-24 22:12:18,220,esp32_01,347.7,361.3,27.57,77.1,947.81,100,1
2026-08-24 22:12:25,221,esp32_01,348.3,361.9,27.58,77.08,947.82,100,1
2026-08-24 22:12:31,222,esp32_01,348.7,362.4,27.58,77.07,947.84,100,1
2026-08-24 22:12:38,223,esp32_01,349.3,363.0,27.58,77.04,947.81,100,1
2026-08-24 22:12:48,224,esp32_01,348.7,362.3,27.58,77.01,947.84,100,1
2026-08-24 22:12:55,225,esp32_01,348.8,362.4,27.59,76.97,947.84,100,1
2026-08-24 22:13:01,226,esp32_01,350.6,364.3,27.59,77.02,947.85,100,1
2026-08-24 22:13:08,227,esp32_01,350.0,363.6,27.61,77.24,947.82,100,1
2026-08-24 22:13:15,228,esp32_01,352.4,366.1,27.61,77.32,947.84,1,1
2026-08-24 22:13:21,229,esp32_01,351.6,365.3,27.62,77.25,947.83,4,1
2026-08-24 22:13:28,230,esp32_01,351.9,365.6,27.63,77.17,947.86,9,1
2026-08-24 22:13:35,231,esp32_01,351.2,364.9,27.68,78.42,947.83,51,1
2026-08-24 22:13:41,232,esp32_01,350.6,364.3,27.69,78.22,947.86,57,1
2026-08-24 22:13:48,233,esp32_01,349.8,363.5,27.68,78.02,947.84,58,1
2026-08-24 22:14:12,234,esp32_01,28.38,0.0,27.68,77.59,947.83,100,1
2026-08-24 22:14:18,235,esp32_01,28.35,0.0,27.7,77.61,947.86,100,1
2026-08-24 22:14:25,236,esp32_01,28.37,0.0,27.71,77.57,947.85,100,1
2026-08-24 22:14:32,237,esp32_01,28.2,0.0,27.72,77.68,947.85,100,1
2026-08-24 22:14:38,238,esp32_01,28.43,0.0,27.73,77.52,947.83,100,1
2026-08-24 22:14:45,239,esp32_01,28.53,0.0,27.73,77.34,947.85,100,1
2026-08-24 22:14:52,240,esp32_01,28.68,0.0,27.74,77.21,947.84,100,1
2026-08-24 22:14:58,241,esp32_01,28.74,0.0,27.75,77.08,947.81,100,1
2026-08-24 22:15:05,242,esp32_01,28.69,0.0,27.75,77.01,947.83,100,1
2026-08-24 22:15:12,243,esp32_01,28.71,0.0,27.76,76.88,947.83,100,1
2026-08-24 22:15:19,244,esp32_01,28.69,0.0,27.77,76.78,947.82,100,1
2026-08-24 22:15:42,245,esp32_01,28.58,53.13,27.81,77.18,947.82,100,1
2026-08-24 22:15:49,246,esp32_01,28.68,53.28,27.82,76.99,947.81,100,1
2026-08-24 22:15:56,247,esp32_01,28.62,53.17,27.83,76.88,947.79,100,1
2026-08-24 22:15:59,248,esp32_01,28.74,53.36,27.83,76.77,947.79,100,1
2026-08-24 22:16:06,249,esp32_01,28.59,53.07,27.83,76.67,947.81,100,1
2026-08-24 22:16:12,250,esp32_01,28.62,53.1,27.84,76.58,947.81,100,1
2026-08-24 22:16:19,251,esp32_01,28.7,53.25,27.85,76.47,947.79,100,1
2026-08-24 22:16:26,252,esp32_01,28.63,53.1,27.85,76.41,947.78,100,1
2026-08-24 22:16:32,253,esp32_01,28.63,53.09,27.85,76.34,947.82,100,1
2026-08-24 22:16:39,254,esp32_01,28.58,52.99,27.86,76.27,947.78,100,1
2026-08-24 22:16:46,255,esp32_01,28.71,53.24,27.87,76.23,947.8,100,1
2026-08-24 22:16:52,256,esp32_01,28.61,53.04,27.88,76.18,947.84,100,1
2026-08-24 22:16:59,257,esp32_01,28.75,53.3,27.88,76.35,947.83,100,1
2026-08-24 22:17:06,258,esp32_01,28.84,53.49,27.9,76.43,947.83,1,1
2026-08-24 22:17:12,259,esp32_01,28.77,53.38,27.92,76.45,947.82,7,1
2026-08-24 22:17:19,260,esp32_01,28.97,53.73,27.92,76.27,947.84,14,1
2026-08-24 22:17:26,261,esp32_01,29.02,53.82,27.92,76.34,947.81,24,1
2026-08-24 22:17:33,262,esp32_01,28.84,53.49,27.94,76.35,947.82,33,1
2026-08-24 22:17:39,263,esp32_01,28.97,53.73,27.95,76.25,947.81,38,1
2026-08-24 22:17:46,264,esp32_01,28.87,53.56,27.96,76.29,947.81,47,1
2026-08-24 22:17:53,265,esp32_01,29.01,53.79,27.96,76.14,947.8,50,1
2026-08-24 22:17:59,266,esp32_01,29.04,53.84,27.97,75.99,947.8,53,1
2026-08-24 22:18:06,267,esp32_01,29.23,54.17,27.97,75.88,947.8,56,1
2026-08-24 22:18:13,268,esp32_01,29.15,54.01,27.98,75.81,947.83,58,1
2026-08-24 22:18:20,269,esp32_01,28.92,53.67,28.01,76.71,947.84,87,1
2026-08-24 22:18:26,270,esp32_01,28.71,53.29,28.02,76.58,947.82,106,1
2026-08-24 22:18:33,271,esp32_01,28.91,53.64,28.03,76.6,947.82,113,1
2026-08-24 22:18:40,272,esp32_01,29.22,54.23,28.04,76.47,947.84,109,1
2026-08-24 22:18:50,273,esp32_01,29.23,54.23,28.03,76.27,947.84,103,1
2026-08-24 22:18:56,274,esp32_01,29.67,55.02,28.04,76.08,947.84,97,1
2026-08-24 22:19:03,275,esp32_01,29.75,55.16,28.05,76.0,947.8,93,1
2026-08-24 22:19:10,276,esp32_01,29.65,54.95,28.06,75.87,947.81,90,1
2026-08-24 22:19:16,277,esp32_01,29.5,54.65,28.06,75.75,947.8,86,1
2026-08-24 22:19:23,278,esp32_01,29.57,54.77,28.06,75.64,947.81,85,1
2026-08-24 22:19:30,279,esp32_01,29.42,54.46,28.06,75.52,947.79,84,1
2026-08-24 22:19:40,280,esp32_01,29.54,54.68,28.07,75.47,947.82,84,1
2026-08-24 22:19:46,281,esp32_01,29.54,54.68,28.07,75.38,947.81,85,1
2026-08-24 22:19:53,282,esp32_01,29.56,54.69,28.08,75.44,947.83,86,1
2026-08-24 22:20:00,283,esp32_01,29.48,54.59,28.09,75.78,947.79,90,1
2026-08-24 22:20:06,284,esp32_01,29.49,54.64,28.09,75.6,947.81,92,1
2026-08-24 22:20:13,285,esp32_01,29.52,54.67,28.1,75.54,947.8,93,1
2026-08-24 22:20:20,286,esp32_01,29.34,54.44,28.13,76.32,947.77,101,1
2026-08-24 22:20:27,287,esp32_01,29.25,54.34,28.17,77.06,947.78,128,1
2026-08-24 22:20:33,288,esp32_01,29.25,54.37,28.18,76.92,947.79,148,1
2026-08-24 22:20:40,289,esp32_01,29.39,54.61,28.2,76.82,947.8,158,1
2026-08-24 22:20:47,290,esp32_01,29.58,54.89,28.2,76.28,947.79,145,1
2026-08-24 22:20:53,291,esp32_01,29.64,54.98,28.24,76.11,947.79,135,1
2026-08-24 22:21:03,292,esp32_01,28.62,53.35,28.55,77.94,947.77,145,1
2026-08-24 22:21:10,293,esp32_01,29.25,54.36,28.49,76.67,947.77,145,1
2026-08-24 22:21:17,294,esp32_01,29.58,54.86,28.49,75.95,947.78,137,1
2026-08-24 22:21:23,295,esp32_01,29.79,55.2,28.52,75.42,947.76,128,1
2026-08-24 22:21:30,296,esp32_01,29.88,55.3,28.51,75.11,947.77,120,1
2026-08-24 22:21:37,297,esp32_01,29.89,55.27,28.49,74.85,947.73,113,1
2026-08-24 22:21:43,298,esp32_01,29.78,55.06,28.49,74.73,947.72,104,1
2026-08-24 22:21:50,299,esp32_01,29.76,54.99,28.5,74.63,947.74,100,1
2026-08-24 22:21:57,300,esp32_01,29.37,54.41,28.55,75.64,947.72,119,1
2026-08-24 22:22:03,301,esp32_01,29.52,54.67,28.55,75.37,947.73,133,1
2026-08-24 22:22:10,302,esp32_01,29.77,55.09,28.55,75.17,947.69,131,1
2026-08-24 22:22:17,303,esp32_01,29.85,55.22,28.55,75.01,947.7,128,1
